sku,image,small_image,thumbnail
BR13420795,248.jpg,248.jpg,248.jpg
BR134158,301.jpg,301.jpg,301.jpg
BR34167,303.jpg,303.jpg,303.jpg
BR13421011,363.jpg,363.jpg,363.jpg
BR13421012,362.jpg,362.jpg,362.jpg
BR13421013,364.jpg,364.jpg,364.jpg
BR13421014,365.jpg,365.jpg,365.jpg
BR13421015,366.jpg,366.jpg,366.jpg
BR13421016,368.jpg,368.jpg,368.jpg
BR13421017,369.jpg,369.jpg,369.jpg
BR13421018,370.jpg,370.jpg,370.jpg
BR13421019,371.jpg,371.jpg,371.jpg
BR134210110,372.jpg,372.jpg,372.jpg
BR134210111,425.jpg,425.jpg,425.jpg
BR134210112,426.jpg,426.jpg,426.jpg
BR134210113,427.jpg,427.jpg,427.jpg
BR134210114,428.jpg,428.jpg,428.jpg
BR134210115,429.jpg,429.jpg,429.jpg
BR134210116,442.jpg,442.jpg,442.jpg
BR134210117,445.jpg,445.jpg,445.jpg
BR134284,502.jpg,502.jpg,502.jpg
BR134167,660.jpg,660.jpg,660.jpg
BR134158,1655.jpg,1655.jpg,1655.jpg
AL1342107,1791.jpg,1791.jpg,1791.jpg
BR134167,1793.jpg,1793.jpg,1793.jpg
BR1342101,1894.jpg,1894.jpg,1894.jpg
BR1342791,2017.jpg,2017.jpg,2017.jpg
BR1342792,2019.jpg,2019.jpg,2019.jpg
BR1342793,2020.jpg,2020.jpg,2020.jpg
BR1342794,2022.jpg,2022.jpg,2022.jpg
BR1342795,2023.jpg,2023.jpg,2023.jpg
BR1342846,2074.jpg,2074.jpg,2074.jpg
BR1342847,2085.jpg,2085.jpg,2085.jpg
BR1342848,2087.jpg,2087.jpg,2087.jpg
AL134288,2144.jpg,2144.jpg,2144.jpg
BR134292,2182.jpg,2182.jpg,2182.jpg
BR1342101,2343.jpg,2343.jpg,2343.jpg
BR1341135,2344.jpg,2344.jpg,2344.jpg
BR134158,2445.jpg,2445.jpg,2445.jpg
LO134167,2666.jpg,2666.jpg,2666.jpg
BR134158,2678.jpg,2678.jpg,2678.jpg
CD1341134,2869.jpg,2869.jpg,2869.jpg
LO1343146,3009.jpg,3009.jpg,3009.jpg
LO13421361,3011.jpg,3011.jpg,3011.jpg
LO13421362,3012.jpg,3012.jpg,3012.jpg
LO134292,3013.jpg,3013.jpg,3013.jpg
LO1343146,3015.jpg,3015.jpg,3015.jpg
AL134292,3184.jpg,3184.jpg,3184.jpg
AL1342134,3194.jpg,3194.jpg,3194.jpg
CD1341135,3196.jpg,3196.jpg,3196.jpg
BR134284,3282.jpg,3282.jpg,3282.jpg
BR1342841,3283.jpg,3283.jpg,3283.jpg
BR1342842,3284.jpg,3284.jpg,3284.jpg
BR1342843,3285.jpg,3285.jpg,3285.jpg
BR1342844,3286.jpg,3286.jpg,3286.jpg
AL1346771,3302.jpg,3302.jpg,3302.jpg
AL1346772,3304.jpg,3304.jpg,3304.jpg
AL1346773,3307.jpg,3307.jpg,3307.jpg
AL1346774,3308.jpg,3308.jpg,3308.jpg
BR13421011,3573.jpg,3573.jpg,3573.jpg
BR13421012,3575.jpg,3575.jpg,3575.jpg
AL134292,10987.jpg,10987.jpg,10987.jpg
AL1342691,14050.jpg,14050.jpg,14050.jpg
AL1341692,14051.jpg,14051.jpg,14051.jpg
AL1341107,14059.jpg,14059.jpg,14059.jpg
AL1342751,14068.jpg,14068.jpg,14068.jpg
AL1342752,14070.jpg,14070.jpg,14070.jpg
AL1342753,14072.jpg,14072.jpg,14072.jpg
AL1342107,15712.jpg,15712.jpg,15712.jpg
AL1342861,15821.jpg,15821.jpg,15821.jpg
AL1342862,15822.jpg,15822.jpg,15822.jpg
AL1342863,15823.jpg,15823.jpg,15823.jpg
AL1342864,15824.jpg,15824.jpg,15824.jpg
AL134292,15826.jpg,15826.jpg,15826.jpg
AL134279,15829.jpg,15829.jpg,15829.jpg
BR134279,16755.jpg,16755.jpg,16755.jpg
AL134279,32138.jpg,32138.jpg,32138.jpg
BR1342101,370.jpg,370.jpg,370.jpg
BR134292,2736.jpg,2736.jpg,2736.jpg
AL134156,2761.jpg,2761.jpg,2761.jpg
BR134284,2788.jpg,2788.jpg,2788.jpg
